id;uid;nom;prenom;sexe;profession;age;prefecture;sous_prefecture;quartier;village;telephone;local_id;code;certificate
1;Kids Industrial;moderator encryption Coordinator;SMS;olive Rubber;model Home Loan Account Bedfordshire;26519;Tasty Soft Table;holistic;SSL bus;invoice Rhode Island;083-572-7622;robust;76908;Texas International
2;Specialist Serbia Buckinghamshire;Tajikistan;withdrawal;solid state;embrace deposit XML;88037;protocol Buckinghamshire;Tasty Fresh Tuna;Intelligent;Money Market Account parsing;032.465.7273;Jewelery;35951;Designer e-tailers
3;Mauritius indexing;Administrator card;rich Home Loan Account;protocol;protocol;29764;deposit Palau;Berkshire architect Tuna;PCI;aggregate;(774) 037-7180 x473;South Dakota;2316;olive Rufiyaa multi-state
4;Cambridgeshire Heard Island and McDonald Islands;pixel Assistant;Toys Savings Account Dynamic;Checking Account;Designer solid state sexy;68590;Generic Plastic Tuna;Rubber transmitter facilitate;New York;Upgradable 1080p;1-480-811-7357 x1577;Human;10596;gold
5;monetize;Handmade Rubber Fish;archive Mount front-end;Executive invoice;Junctions;92301;Berkshire Camp Oklahoma;back-end magnetic;project Harbors paradigm;Branch Producer;(711) 318-8237;turquoise pixel Minnesota;689;Vision-oriented
6;navigate;Handcrafted invoice Producer;Administrator;Bedfordshire;synergize TCP;17034;wireless;payment coherent;Small;Computers;091-543-5404 x24341;Mountain Auto Loan Account hacking;2514;bus
7;Branding superstructure;Team-oriented Phased THX;Cotton;SSL Rustic Rubber Bacon Iowa;Books;48637;relationships cultivate Mandatory;withdrawal Auto Loan Account;Internal;Buckinghamshire CSS Saint Helena;1-687-860-0209 x0701;withdrawal Soft parallelism;40193;artificial intelligence sexy PNG
8;enable Chips;GB Awesome Soft Mouse;Salad Paraguay Beauty;withdrawal;connecting collaborative SCSI;84114;synthesizing Cheese Director;payment Handcrafted Frozen Keyboard;incubate PCI client-driven;proactive vortals Strategist;(898) 808-5146;Chicken Cliff International;28307;parse Plastic
9;Granite compress Mobility;Berkshire IB;Falls;Chicken solid state coherent;deposit Computers Solomon Islands Dollar;77231;Industrial protocol;Organized;exuding Handcrafted;Analyst azure cyan;(937) 384-2659 x12079;index Metal Borders;78355;Montserrat Money Market Account
10;Accountability New Israeli Sheqel Borders;Auto Loan Account;Fresh protocol Honduras;bus collaboration driver;Lead Credit Card Account;13614;parsing applications Intranet;redefine;maximize concept;Somalia Clothing Refined;1-591-025-8280 x27293;Fiji Dollar;12316;PNG back-end Manager
